user_id,recency_days,frequency,monetary,r_score,f_score,m_score,rfm_total,segment
552391180,16,4,1236.95,5,5,5,15,Champion
512982271,9,9,2378.46,5,5,5,15,Champion
550403338,17,7,1932.7,5,5,5,15,Champion
512591082,7,6,4109.21,5,5,5,15,Champion
575531874,18,6,1618.18,5,5,5,15,Champion
513690952,20,8,1527.21,5,5,5,15,Champion
630215639,23,8,1172.37,5,5,5,15,Champion
513325122,2,6,1075.89,5,5,5,15,Champion
514343713,2,9,1414.67,5,5,5,15,Champion
576232143,6,23,9703.76,5,5,5,15,Champion
589565955,6,8,5549.42,5,5,5,15,Champion
561947496,2,9,1608.32,5,5,5,15,Champion
590343764,23,20,8061.39,5,5,5,15,Champion
553385946,2,23,1950.05,5,5,5,15,Champion
594786842,8,16,6422.58,5,5,5,15,Champion
583365155,16,5,1605.3,5,5,5,15,Champion
512418501,15,8,1679.2,5,5,5,15,Champion
617815614,2,11,1790.28,5,5,5,15,Champion
520279072,16,10,1336.9,5,5,5,15,Champion
588636651,6,8,1950.86,5,5,5,15,Champion
522388999,15,4,1073.27,5,5,5,15,Champion
604051094,4,5,1104.18,5,5,5,15,Champion
592792564,2,6,1576.03,5,5,5,15,Champion
513530544,1,13,7810.91,5,5,5,15,Champion
625079170,12,4,2446.4,5,5,5,15,Champion
614670605,21,8,2720.57,5,5,5,15,Champion
630552354,1,5,1374.28,5,5,5,15,Champion
551975533,14,33,5794.66,5,5,5,15,Champion
517112611,18,5,1440.32,5,5,5,15,Champion
642393783,15,4,1400.28,5,5,5,15,Champion
592785226,2,4,1501.75,5,5,5,15,Champion
615827265,9,8,1451.13,5,5,5,15,Champion
536220135,13,6,1683.28,5,5,5,15,Champion
611842821,3,7,2134.05,5,5,5,15,Champion
513599736,7,6,1567.4,5,5,5,15,Champion
512870569,3,4,1497.67,5,5,5,15,Champion
554101720,8,8,1620.57,5,5,5,15,Champion
572933508,5,7,1583.66,5,5,5,15,Champion
643441687,9,7,1701.04,5,5,5,15,Champion
530821192,16,6,1640.7,5,5,5,15,Champion
559035931,22,4,1830.68,5,5,5,15,Champion
513231765,12,10,6710.21,5,5,5,15,Champion
515519758,17,5,1738.46,5,5,5,15,Champion
565002094,1,10,1880.81,5,5,5,15,Champion
532790044,2,11,2123.33,5,5,5,15,Champion
564427460,9,5,2001.83,5,5,5,15,Champion
550885913,5,9,1082.32,5,5,5,15,Champion
559483576,2,5,1119.59,5,5,5,15,Champion
572148001,1,16,13550.25,5,5,5,15,Champion
616657355,15,4,3243.9,5,5,5,15,Champion
628527816,6,9,1455.22,5,5,5,15,Champion
636305972,13,9,10521.31,5,5,5,15,Champion
570209542,17,10,5527.34,5,5,5,15,Champion
558598706,21,27,6729.83,5,5,5,15,Champion
558923311,9,5,2573.93,5,5,5,15,Champion
550200476,4,13,2453.09,5,5,5,15,Champion
589613950,1,9,3178.66,5,5,5,15,Champion
563590355,18,8,3609.14,5,5,5,15,Champion
632100403,1,6,1306.98,5,5,5,15,Champion
561480039,3,14,3755.89,5,5,5,15,Champion
623017927,24,4,1328.91,5,5,5,15,Champion
543679786,16,6,4218.87,5,5,5,15,Champion
607764514,20,9,1362.43,5,5,5,15,Champion
621290563,14,8,4835.73,5,5,5,15,Champion
514360035,2,18,4465.88,5,5,5,15,Champion
565684469,15,14,6364.02,5,5,5,15,Champion
518334663,8,6,5894.92,5,5,5,15,Champion
553890134,9,8,6407.59,5,5,5,15,Champion
517465085,19,21,8014.39,5,5,5,15,Champion
514690655,16,6,1072.98,5,5,5,15,Champion
523649313,17,42,8967.47,5,5,5,15,Champion
603169009,5,90,10520.95,5,5,5,15,Champion
596735182,1,10,2865.99,5,5,5,15,Champion
624709402,2,59,17757.97,5,5,5,15,Champion
572803927,16,27,8228.66,5,5,5,15,Champion
512455146,4,28,28322.93,5,5,5,15,Champion
537446991,24,29,2009.43,5,5,5,15,Champion
514883520,20,4,1138.71,5,5,5,15,Champion
604417842,21,17,1683.18,5,5,5,15,Champion
644890653,5,7,1115.32,5,5,5,15,Champion
513052988,3,61,17302.67,5,5,5,15,Champion
537106535,16,12,1932.17,5,5,5,15,Champion
611232889,8,5,2351.83,5,5,5,15,Champion
590327604,5,5,1790.36,5,5,5,15,Champion
647870758,4,5,2179.58,5,5,5,15,Champion
566510970,16,11,1891.29,5,5,5,15,Champion
638376441,21,5,1688.52,5,5,5,15,Champion
627127119,13,14,1881.05,5,5,5,15,Champion
517829634,4,8,1578.76,5,5,5,15,Champion
556324657,12,7,2026.22,5,5,5,15,Champion
558380424,7,9,1800.29,5,5,5,15,Champion
643008240,13,5,1692.34,5,5,5,15,Champion
512525442,14,100,21533.75,5,5,5,15,Champion
514435140,9,12,1642.12,5,5,5,15,Champion
635252491,1,6,1979.87,5,5,5,15,Champion
592878686,3,12,2274.73,5,5,5,15,Champion
583748563,14,7,1050.93,5,5,5,15,Champion
514030795,4,22,14468.92,5,5,5,15,Champion
554157571,7,5,2123.83,5,5,5,15,Champion
587713369,15,29,24245.81,5,5,5,15,Champion
637723911,2,6,1435.19,5,5,5,15,Champion
519823459,22,21,12991.7,5,5,5,15,Champion
571802350,13,9,2395.23,5,5,5,15,Champion
587455574,18,26,10794.61,5,5,5,15,Champion
520861973,18,5,3564.22,5,5,5,15,Champion
562827996,8,5,6717.4,5,5,5,15,Champion
606177117,22,8,1582.48,5,5,5,15,Champion
569810800,1,31,6638.4,5,5,5,15,Champion
546915659,13,5,1337.04,5,5,5,15,Champion
529021296,6,16,5520.4,5,5,5,15,Champion
595988758,21,15,8503.24,5,5,5,15,Champion
588826954,14,7,1400.54,5,5,5,15,Champion
540688637,9,12,10772.88,5,5,5,15,Champion
571561996,22,5,1175.68,5,5,5,15,Champion
544396912,3,21,5713.21,5,5,5,15,Champion
614725192,22,5,2596.17,5,5,5,15,Champion
537232814,9,9,1645.87,5,5,5,15,Champion
617416698,19,9,2741.86,5,5,5,15,Champion
605394100,24,13,2818.22,5,5,5,15,Champion
572355212,2,16,1217.25,5,5,5,15,Champion
513534187,1,5,3000.47,5,5,5,15,Champion
586632204,18,18,3104.78,5,5,5,15,Champion
542133965,14,7,1246.62,5,5,5,15,Champion
514998439,14,4,3223.13,5,5,5,15,Champion
515811576,1,5,1270.75,5,5,5,15,Champion
547146442,21,9,3300.18,5,5,5,15,Champion
585116052,5,4,1284.58,5,5,5,15,Champion
517610198,12,24,3708.56,5,5,5,15,Champion
546149976,17,4,3461.78,5,5,5,15,Champion
610762267,6,7,1307.9,5,5,5,15,Champion
625915570,2,5,3640.6,5,5,5,15,Champion
561299312,4,16,3789.01,5,5,5,15,Champion
633367277,1,5,1320.64,5,5,5,15,Champion
524688925,20,6,1337.83,5,5,5,15,Champion
581889543,22,5,3872.13,5,5,5,15,Champion
561104821,8,8,1317.1,5,5,5,15,Champion
555260757,20,8,1345.78,5,5,5,15,Champion
517200691,24,20,4479.58,5,5,5,15,Champion
605746060,12,5,1358.49,5,5,5,15,Champion
515192611,6,10,4994.12,5,5,5,15,Champion
527603073,12,13,1381.76,5,5,5,15,Champion
550302683,14,21,5125.84,5,5,5,15,Champion
519364445,1,7,5138.82,5,5,5,15,Champion
516636702,14,5,1374.4,5,5,5,15,Champion
634898814,3,5,1421.93,5,5,5,15,Champion
514336745,5,25,5917.99,5,5,5,15,Champion
576505444,1,29,14873.32,5,5,5,15,Champion
594515575,4,9,5479.54,5,5,5,15,Champion
519194270,5,9,1174.86,5,5,5,15,Champion
515484258,19,15,6033.08,5,5,5,15,Champion
518646272,4,7,1431.46,5,5,5,15,Champion
640621343,13,4,1849.78,5,5,5,15,Champion
552479330,5,7,1314.6,5,5,5,15,Champion
553790254,8,19,6899.67,5,5,5,15,Champion
642492805,12,6,1452.69,5,5,5,15,Champion
638895072,22,5,1372.16,5,5,5,15,Champion
584102465,9,4,1468.95,5,5,5,15,Champion
578686617,3,11,9373.42,5,5,5,15,Champion
584375124,7,7,1484.14,5,5,5,15,Champion
571269798,17,9,2113.47,5,5,5,15,Champion
561091425,2,11,11029.66,5,5,5,15,Champion
559762489,8,29,11779.44,5,5,5,15,Champion
514672597,7,6,1539.84,5,5,5,15,Champion
603561603,13,6,1218.69,5,5,5,15,Champion
578231384,23,17,15878.83,5,5,5,15,Champion
601398224,3,49,21139.85,5,5,5,15,Champion
575578714,12,137,23132.92,5,5,5,15,Champion
603180303,2,9,1794.78,5,5,5,15,Champion
619702063,19,55,30688.8,5,5,5,15,Champion
535182181,15,121,55848.49,5,5,5,15,Champion
604566815,5,7,2403.6,5,5,5,15,Champion
545587056,23,10,1836.02,5,5,5,15,Champion
613690031,20,6,1617.4,5,5,5,15,Champion
566703434,1,18,2281.55,5,5,5,15,Champion
640608676,1,8,1122.83,5,5,5,15,Champion
634990569,1,20,1447.68,5,5,5,15,Champion
543625467,21,8,2149.6,5,5,5,15,Champion
603289515,4,10,2116.36,5,5,5,15,Champion
597051544,4,5,1105.29,5,5,5,15,Champion
513383412,23,14,2758.87,5,5,5,15,Champion
609730688,14,5,2249.3,5,5,5,15,Champion
612856642,6,7,1701.28,5,5,5,15,Champion
587980241,16,8,1717.26,5,5,5,15,Champion
612317794,18,5,1073.05,5,5,5,15,Champion
634084226,3,4,5439.47,5,5,5,15,Champion
531467045,15,8,1971.86,5,5,5,15,Champion
512706894,14,9,1953.37,5,5,5,15,Champion
518670903,6,11,7065.87,5,5,5,15,Champion
561880095,14,10,1883.67,5,5,5,15,Champion
550337074,3,10,1825.82,5,5,5,15,Champion
527655270,2,4,1848.26,5,5,5,15,Champion
638894140,18,9,1640.03,5,5,5,15,Champion
519081760,14,7,1859.21,5,5,5,15,Champion
513225838,2,6,1849.03,5,5,5,15,Champion
513638505,6,6,1949.06,5,5,5,15,Champion
512457010,15,9,1805.59,5,5,5,15,Champion
571914757,17,5,1056.09,5,5,5,15,Champion
565464380,3,5,1924.8,5,5,5,15,Champion
520404733,22,11,1717.62,5,5,5,15,Champion
519687545,21,8,1585.4,5,5,5,15,Champion
567810640,8,13,2050.8,5,5,5,15,Champion
583644212,9,4,1078.67,5,5,5,15,Champion
586582546,5,5,1962.4,5,5,5,15,Champion
517851127,17,15,18120.34,5,5,5,15,Champion
624585771,9,7,2147.46,5,5,5,15,Champion
630776590,8,6,2193.94,5,5,5,15,Champion
512718041,8,6,2073.87,5,5,5,15,Champion
515462066,22,4,2377.97,5,5,5,15,Champion
599690849,3,7,2257.62,5,5,5,15,Champion
513838782,15,26,2350.62,5,5,5,15,Champion
524901342,19,8,1133.71,5,5,5,15,Champion
513808193,5,4,1177.16,5,5,5,15,Champion
518808125,14,89,82362.78,5,5,5,15,Champion
556048407,19,96,32949.43,5,5,5,15,Champion
517609988,23,50,42788.37,5,5,5,15,Champion
512515311,12,7,4984.98,5,5,5,15,Champion
593479772,7,6,1562.7,5,5,5,15,Champion
569605538,3,4,1096.81,5,5,5,15,Champion
604855130,2,20,15971.78,5,5,5,15,Champion
556111829,22,4,3721.27,5,5,5,15,Champion
512853771,1,11,2147.51,5,5,5,15,Champion
568920640,2,84,11803.77,5,5,5,15,Champion
563301052,1,19,13844.55,5,5,5,15,Champion
636596101,16,4,5313.1,5,5,5,15,Champion
605833989,23,45,13883.48,5,5,5,15,Champion
514585377,6,12,10045.17,5,5,5,15,Champion
514112253,12,10,9048.06,5,5,5,15,Champion
515145512,8,15,6173.95,5,5,5,15,Champion
525268351,21,25,14186.01,5,5,5,15,Champion
616774653,8,10,7736.06,5,5,5,15,Champion
633322297,8,29,7003.16,5,5,5,15,Champion
616392942,24,6,1545.74,5,5,5,15,Champion
519608812,12,24,6450.32,5,5,5,15,Champion
522910649,1,4,1144.39,5,5,5,15,Champion
515133164,1,6,1428.1,5,5,5,15,Champion
605395467,12,10,1573.0,5,5,5,15,Champion
588116901,19,15,5628.93,5,5,5,15,Champion
602837359,22,17,5437.23,5,5,5,15,Champion
516823980,6,9,2411.33,5,5,5,15,Champion
528094273,23,6,2205.61,5,5,5,15,Champion
536641987,18,5,1161.99,5,5,5,15,Champion
625651876,17,9,1181.64,5,5,5,15,Champion
546667533,3,10,2595.89,5,5,5,15,Champion
514483713,16,17,2578.99,5,5,5,15,Champion
524095751,14,5,2626.44,5,5,5,15,Champion
615546704,3,8,1195.86,5,5,5,15,Champion
544276067,17,5,2788.01,5,5,5,15,Champion
576496697,4,9,2772.86,5,5,5,15,Champion
546368614,7,10,1207.01,5,5,5,15,Champion
560136962,20,14,2830.45,5,5,5,15,Champion
528018408,1,4,1209.41,5,5,5,15,Champion
532293073,17,10,2901.64,5,5,5,15,Champion
539892436,6,5,2903.49,5,5,5,15,Champion
518130743,24,10,3165.14,5,5,5,15,Champion
582132540,18,9,2956.74,5,5,5,15,Champion
541297582,2,9,3056.71,5,5,5,15,Champion
649049497,1,4,1234.32,5,5,5,15,Champion
559375004,23,12,3131.02,5,5,5,15,Champion
564266063,5,7,1242.83,5,5,5,15,Champion
632516567,23,7,3140.07,5,5,5,15,Champion
560066288,17,14,1259.21,5,5,5,15,Champion
588161969,20,13,3273.4,5,5,5,15,Champion
588649286,18,4,1267.01,5,5,5,15,Champion
647446317,4,7,3226.93,5,5,5,15,Champion
539692420,8,4,1272.01,5,5,5,15,Champion
642236587,2,19,3323.0,5,5,5,15,Champion
554587850,17,12,3308.09,5,5,5,15,Champion
591613202,6,13,3330.74,5,5,5,15,Champion
516911209,13,4,3331.38,5,5,5,15,Champion
527190013,19,7,4094.99,5,5,5,15,Champion
577613763,3,6,3410.74,5,5,5,15,Champion
516308826,1,22,3524.74,5,5,5,15,Champion
552824689,2,6,1303.37,5,5,5,15,Champion
514701643,13,12,3629.09,5,5,5,15,Champion
522351991,5,4,1307.26,5,5,5,15,Champion
590224791,19,14,3659.3,5,5,5,15,Champion
571409474,14,10,1310.27,5,5,5,15,Champion
590688444,13,13,3822.62,5,5,5,15,Champion
557255734,8,16,3625.71,5,5,5,15,Champion
517425139,2,22,3801.73,5,5,5,15,Champion
641845326,4,5,3803.84,5,5,5,15,Champion
546930894,4,11,3869.89,5,5,5,15,Champion
513283358,9,9,3830.57,5,5,5,15,Champion
625658545,21,4,3973.78,5,5,5,15,Champion
642209172,12,7,3976.21,5,5,5,15,Champion
626669984,16,6,4818.84,5,5,5,15,Champion
534793427,13,4,1341.78,5,5,5,15,Champion
513618289,13,28,4347.5,5,5,5,15,Champion
603138447,7,5,1344.49,5,5,5,15,Champion
608053243,20,16,4674.11,5,5,5,15,Champion
518473538,20,11,4565.77,5,5,5,15,Champion
513546114,2,7,4674.98,5,5,5,15,Champion
550055546,12,15,4720.71,5,5,5,15,Champion
529177708,14,13,5076.58,5,5,5,15,Champion
552139577,20,23,4599.79,5,5,5,15,Champion
518195396,8,5,5009.64,5,5,5,15,Champion
560423951,19,36,5011.51,5,5,5,15,Champion
513415004,18,7,5135.22,5,5,5,15,Champion
604547621,17,16,5132.31,5,5,5,15,Champion
600234122,20,5,5161.07,5,5,5,15,Champion
561555898,4,5,1408.18,5,5,5,15,Champion
632160974,18,31,8570.18,5,5,5,15,Champion
522771901,9,4,1089.65,5,5,5,15,Champion
539085046,1,4,2053.68,5,5,5,15,Champion
646307594,3,6,5683.38,5,5,5,15,Champion
512515022,1,12,6081.61,5,5,5,15,Champion
565486756,14,4,1405.88,5,5,5,15,Champion
562438197,22,20,6223.03,5,5,5,15,Champion
558648070,13,5,1575.18,5,5,5,15,Champion
635083576,12,14,6814.64,5,5,5,15,Champion
538994757,4,8,1474.3,5,5,5,15,Champion
513040825,2,41,1852.04,5,5,5,15,Champion
611097191,5,4,1447.28,5,5,5,15,Champion
648109694,3,7,7020.08,5,5,5,15,Champion
646848783,6,6,1082.52,5,5,5,15,Champion
572451498,13,10,7041.64,5,5,5,15,Champion
624008696,3,9,2368.39,5,5,5,15,Champion
600446602,21,13,10484.91,5,5,5,15,Champion
540092001,4,10,1406.94,5,5,5,15,Champion
513718321,8,24,8760.89,5,5,5,15,Champion
636195760,1,10,1288.31,5,5,5,15,Champion
603769177,20,22,9690.21,5,5,5,15,Champion
563108597,2,25,13058.44,5,5,5,15,Champion
514688413,2,32,9865.49,5,5,5,15,Champion
640644927,3,5,1576.96,5,5,5,15,Champion
533949321,22,21,11285.27,5,5,5,15,Champion
600937873,12,8,2748.5,5,5,5,15,Champion
625553397,18,6,1055.57,5,5,5,15,Champion
615762992,20,6,2044.51,5,5,5,15,Champion
513313337,5,14,12110.47,5,5,5,15,Champion
627381188,5,17,9122.23,5,5,5,15,Champion
521162696,3,23,13364.06,5,5,5,15,Champion
561694005,9,4,1465.01,5,5,5,15,Champion
518028218,5,7,1146.05,5,5,5,15,Champion
555680755,1,6,3850.2,5,5,5,15,Champion
603742032,1,30,15838.08,5,5,5,15,Champion
580946100,3,20,3147.59,5,5,5,15,Champion
568526609,3,43,23061.54,5,5,5,15,Champion
612157890,5,8,4706.06,5,5,5,15,Champion
529430699,13,11,1577.83,5,5,5,15,Champion
518519242,1,19,1368.86,5,5,5,15,Champion
547220387,12,164,50336.94,5,5,5,15,Champion
583433174,21,21,17028.94,5,5,5,15,Champion
513777782,19,6,1652.07,5,5,5,15,Champion
603262978,4,6,1527.51,5,5,5,15,Champion
513013149,2,225,106085.24,5,5,5,15,Champion
635367546,7,4,1650.56,5,5,5,15,Champion
638154674,5,4,2392.31,5,5,5,15,Champion
516783271,15,13,2242.92,5,5,5,15,Champion
517848568,14,6,2202.56,5,5,5,15,Champion
640334233,2,8,2057.18,5,5,5,15,Champion
642763872,7,6,1142.44,5,5,5,15,Champion
621397898,21,9,1884.52,5,5,5,15,Champion
532708850,4,10,2259.28,5,5,5,15,Champion
514279873,6,6,1999.16,5,5,5,15,Champion
555099252,19,6,1124.65,5,5,5,15,Champion
563713791,20,5,1676.97,5,5,5,15,Champion
622127368,4,5,2122.06,5,5,5,15,Champion
618704672,1,12,2629.36,5,5,5,15,Champion
634841011,4,12,2364.58,5,5,5,15,Champion
633326102,5,28,11507.52,5,5,5,15,Champion
559248693,3,9,2085.96,5,5,5,15,Champion
551060934,2,11,1412.62,5,5,5,15,Champion
641444256,9,4,1090.78,5,5,5,15,Champion
513169393,4,17,5896.19,5,5,5,15,Champion
614382694,8,8,1359.26,5,5,5,15,Champion
512814311,1,10,3051.26,5,5,5,15,Champion
515498756,2,5,1086.39,5,5,5,15,Champion
548060352,16,8,1196.31,5,5,5,15,Champion
517295849,21,5,2014.86,5,5,5,15,Champion
519522029,4,5,3235.26,5,5,5,15,Champion
514405593,16,5,2011.04,5,5,5,15,Champion
521585845,5,6,3268.53,5,5,5,15,Champion
606610780,7,17,1972.67,5,5,5,15,Champion
519827310,2,6,3216.58,5,5,5,15,Champion
582780444,12,32,14477.57,5,5,5,15,Champion
605604060,6,4,1988.92,5,5,5,15,Champion
560555655,23,12,1958.73,5,5,5,15,Champion
520178047,17,8,5119.12,5,5,5,15,Champion
542025051,13,5,1951.67,5,5,5,15,Champion
555720165,3,5,1366.5,5,5,5,15,Champion
590331601,1,10,1965.26,5,5,5,15,Champion
516656706,4,7,1480.12,5,5,5,15,Champion
646320985,4,6,1892.22,5,5,5,15,Champion
559993257,16,9,1429.56,5,5,5,15,Champion
624151692,2,6,1838.27,5,5,5,15,Champion
515636951,6,29,10227.31,5,5,5,15,Champion
624948702,2,4,1827.84,5,5,5,15,Champion
534656239,1,52,11119.49,5,5,5,15,Champion
552704935,3,5,1964.98,5,5,5,15,Champion
559020011,13,12,2066.04,5,5,5,15,Champion
638731627,14,39,8506.41,5,5,5,15,Champion
640077966,4,12,1601.42,5,5,5,15,Champion
527654920,13,9,1970.77,5,5,5,15,Champion
557327678,23,4,2216.81,5,5,5,15,Champion
525249763,3,7,1763.39,5,5,5,15,Champion
639280704,4,4,1701.85,5,5,5,15,Champion
572088845,24,18,2385.19,5,5,5,15,Champion
635203030,1,10,1841.53,5,5,5,15,Champion
537597024,3,9,1733.1,5,5,5,15,Champion
512431119,21,5,1801.79,5,5,5,15,Champion
579559588,3,5,1069.98,5,5,5,15,Champion
516237846,3,5,1895.16,5,5,5,15,Champion
541684387,6,8,2025.63,5,5,5,15,Champion
594639213,14,6,1851.18,5,5,5,15,Champion
552834249,15,6,1092.15,5,5,5,15,Champion
592911298,15,7,7964.18,5,5,5,15,Champion
516971958,9,20,6252.76,5,5,5,15,Champion
589186457,23,4,1065.84,5,5,5,15,Champion
642323301,6,6,1094.32,5,5,5,15,Champion
634604763,21,7,1096.71,5,5,5,15,Champion
531233331,13,5,2110.13,5,5,5,15,Champion
635543825,3,9,1650.07,5,5,5,15,Champion
544747345,5,7,1081.86,5,5,5,15,Champion
525815017,14,8,13900.0,5,5,5,15,Champion
517205883,17,8,2136.06,5,5,5,15,Champion
512443779,1,5,1591.21,5,5,5,15,Champion
606841102,12,13,1121.47,5,5,5,15,Champion
526242578,24,24,10184.65,5,5,5,15,Champion
551869228,17,11,2213.14,5,5,5,15,Champion
517394514,5,9,1108.78,5,5,5,15,Champion
550821771,16,9,1638.71,5,5,5,15,Champion
589840657,1,7,2554.18,5,5,5,15,Champion
608422262,14,6,1205.54,5,5,5,15,Champion
590528938,5,4,2333.89,5,5,5,15,Champion
545124038,17,4,1148.45,5,5,5,15,Champion
560445568,22,12,5668.02,5,5,5,15,Champion
618760634,8,4,2352.79,5,5,5,15,Champion
597947794,3,6,2403.02,5,5,5,15,Champion
524692592,4,7,5314.44,5,5,5,15,Champion
617669031,14,6,2801.64,5,5,5,15,Champion
531271792,23,77,52934.84,5,5,5,15,Champion
559826374,4,5,2719.62,5,5,5,15,Champion
512573474,24,24,29026.85,5,5,5,15,Champion
598303231,13,12,2822.98,5,5,5,15,Champion
636332167,13,5,1583.96,5,5,5,15,Champion
556678236,1,27,3135.46,5,5,5,15,Champion
547403140,1,22,17649.12,5,5,5,15,Champion
540648768,21,11,1477.71,5,5,5,15,Champion
545497163,4,19,2944.8,5,5,5,15,Champion
560771629,23,118,24429.82,5,5,5,15,Champion
513534069,2,28,14914.2,5,5,5,15,Champion
514499364,9,8,3307.86,5,5,5,15,Champion
582185435,12,41,16797.35,5,5,5,15,Champion
521381299,1,11,4349.34,5,5,5,15,Champion
513685305,22,15,8578.28,5,5,5,15,Champion
579815174,4,36,4153.61,5,5,5,15,Champion
538688885,1,29,13516.56,5,5,5,15,Champion
527237302,1,11,4060.78,5,5,5,15,Champion
533813706,5,20,11064.97,5,5,5,15,Champion
524272875,1,12,4220.18,5,5,5,15,Champion
627439936,24,6,1515.33,5,5,5,15,Champion
565498233,2,31,5005.93,5,5,5,15,Champion
525234987,17,11,8933.6,5,5,5,15,Champion
557063778,9,6,1398.66,5,5,5,15,Champion
513832601,13,5,1277.41,5,5,5,15,Champion
580269787,20,9,5105.23,5,5,5,15,Champion
557714354,12,17,8767.21,5,5,5,15,Champion
592834097,21,4,1365.75,5,5,5,15,Champion
590620296,20,34,10383.55,5,5,5,15,Champion
622376913,1,11,11861.23,5,5,5,15,Champion
632581050,24,5,4834.58,5,5,5,15,Champion
514322082,3,33,7114.05,5,5,5,15,Champion
559415908,3,31,7287.1,5,5,5,15,Champion
517539075,16,10,7040.11,5,5,5,15,Champion
529000483,4,17,7737.72,5,5,5,15,Champion
559749804,24,38,7204.7,5,5,5,15,Champion
642138571,2,24,6869.76,5,5,5,15,Champion
555209395,14,17,9126.33,5,5,5,15,Champion
524590458,2,6,6077.81,5,5,5,15,Champion
537859124,6,8,1645.55,5,5,5,15,Champion
621797333,18,5,3459.23,5,5,5,15,Champion
552861731,9,83,10180.35,5,5,5,15,Champion
553683928,4,11,6074.79,5,5,5,15,Champion
554412731,9,10,1515.46,5,5,5,15,Champion
546435344,22,12,6252.47,5,5,5,15,Champion
512907431,15,232,57525.0,5,5,5,15,Champion
517011264,7,16,4940.55,5,5,5,15,Champion
519957694,7,30,24081.37,5,5,5,15,Champion
515449916,12,11,5741.85,5,5,5,15,Champion
600480288,9,72,21279.92,5,5,5,15,Champion
638652926,8,4,5200.7,5,5,5,15,Champion
602504231,20,169,30232.91,5,5,5,15,Champion
522775785,18,5,2410.57,5,5,5,15,Champion
583655864,1,13,1123.9,5,5,5,15,Champion
563908080,2,10,1376.49,5,5,5,15,Champion
638262868,8,6,2205.94,5,5,5,15,Champion
523551249,14,6,1316.42,5,5,5,15,Champion
517245930,3,6,2216.54,5,5,5,15,Champion
546018309,23,14,5056.78,5,5,5,15,Champion
599748085,18,7,2213.53,5,5,5,15,Champion
515440408,18,11,4997.39,5,5,5,15,Champion
625163029,22,9,5043.85,5,5,5,15,Champion
514600048,5,4,1294.5,5,5,5,15,Champion
555035394,15,12,2491.42,5,5,5,15,Champion
635022741,22,6,2486.38,5,5,5,15,Champion
600548240,2,14,2514.28,5,5,5,15,Champion
569935649,9,7,1181.99,5,5,5,15,Champion
626064904,5,6,2501.58,5,5,5,15,Champion
638158824,16,8,1180.7,5,5,5,15,Champion
572429543,7,10,2645.28,5,5,5,15,Champion
645954376,7,14,2536.12,5,5,5,15,Champion
644033192,1,7,2583.87,5,5,5,15,Champion
522126256,1,18,2644.77,5,5,5,15,Champion
615742204,12,12,2623.34,5,5,5,15,Champion
640993643,1,22,2643.59,5,5,5,15,Champion
516262217,8,4,2627.1,5,5,5,15,Champion
512444862,14,8,2921.92,5,5,5,15,Champion
567028210,4,8,1209.07,5,5,5,15,Champion
537175743,5,11,2710.01,5,5,5,15,Champion
517832923,3,4,1201.99,5,5,5,15,Champion
515565023,1,4,2787.67,5,5,5,15,Champion
559687565,2,9,2767.26,5,5,5,15,Champion
608751077,7,8,2785.91,5,5,5,15,Champion
591094289,2,4,1207.18,5,5,5,15,Champion
600131733,16,12,2920.55,5,5,5,15,Champion
516133334,6,16,2811.72,5,5,5,15,Champion
578222440,17,8,2822.56,5,5,5,15,Champion
642086342,12,13,2822.15,5,5,5,15,Champion
638118099,9,15,2913.94,5,5,5,15,Champion
631042474,2,10,2880.4,5,5,5,15,Champion
603695890,19,6,2907.13,5,5,5,15,Champion
542811691,5,6,1214.16,5,5,5,15,Champion
571923428,14,14,3405.5,5,5,5,15,Champion
628594360,3,8,1263.13,5,5,5,15,Champion
514170217,1,8,2980.2,5,5,5,15,Champion
543580322,17,17,2970.27,5,5,5,15,Champion
638820825,15,4,3088.0,5,5,5,15,Champion
526593220,4,11,3029.67,5,5,5,15,Champion
601165700,3,5,3084.12,5,5,5,15,Champion
559206894,16,10,1235.28,5,5,5,15,Champion
547923669,12,11,3162.98,5,5,5,15,Champion
635905245,8,8,3103.46,5,5,5,15,Champion
622660073,13,4,3122.16,5,5,5,15,Champion
515380828,6,9,3106.17,5,5,5,15,Champion
597503456,2,5,3144.19,5,5,5,15,Champion
530543105,9,5,1253.29,5,5,5,15,Champion
640598973,9,6,3143.56,5,5,5,15,Champion
530439167,7,18,3141.59,5,5,5,15,Champion
518965082,4,5,3403.65,5,5,5,15,Champion
513967467,15,5,1290.43,5,5,5,15,Champion
550032531,6,12,3220.08,5,5,5,15,Champion
613289126,1,44,3178.95,5,5,5,15,Champion
624390790,16,9,3263.3,5,5,5,15,Champion
519799813,14,5,1276.31,5,5,5,15,Champion
515809298,9,8,3230.13,5,5,5,15,Champion
632008798,5,8,3229.3,5,5,5,15,Champion
523502919,8,10,3391.77,5,5,5,15,Champion
628165613,13,10,1277.84,5,5,5,15,Champion
514435069,18,5,3316.3,5,5,5,15,Champion
512688154,7,11,1279.15,5,5,5,15,Champion
636667564,4,8,3390.03,5,5,5,15,Champion
606866584,6,5,1287.68,5,5,5,15,Champion
581770317,6,19,3358.15,5,5,5,15,Champion
597892440,1,19,3348.63,5,5,5,15,Champion
638655618,2,7,5375.72,5,5,5,15,Champion
535326424,4,11,1339.77,5,5,5,15,Champion
585714656,15,6,3424.37,5,5,5,15,Champion
548662135,23,13,3414.45,5,5,5,15,Champion
557392408,19,23,3608.04,5,5,5,15,Champion
607297206,2,8,3478.13,5,5,5,15,Champion
538049915,16,4,3576.19,5,5,5,15,Champion
565759054,21,13,3535.52,5,5,5,15,Champion
646515732,7,4,3703.52,5,5,5,15,Champion
643418414,2,8,1306.68,5,5,5,15,Champion
561226758,15,4,1314.24,5,5,5,15,Champion
620212233,9,6,1314.15,5,5,5,15,Champion
512588360,13,4,3694.28,5,5,5,15,Champion
513374811,3,4,3641.66,5,5,5,15,Champion
614718960,2,11,3691.5,5,5,5,15,Champion
553123324,8,18,3676.74,5,5,5,15,Champion
536631953,20,13,4083.03,5,5,5,15,Champion
579095784,3,8,1319.53,5,5,5,15,Champion
538111004,4,10,3785.31,5,5,5,15,Champion
599141648,13,9,3758.9,5,5,5,15,Champion
524925749,2,7,3819.15,5,5,5,15,Champion
565488711,2,11,3791.69,5,5,5,15,Champion
614502590,1,25,3814.74,5,5,5,15,Champion
636328064,3,4,1324.76,5,5,5,15,Champion
552797837,3,26,4079.4,5,5,5,15,Champion
571938562,24,7,1327.92,5,5,5,15,Champion
571806605,12,12,3869.28,5,5,5,15,Champion
591988397,9,6,3845.84,5,5,5,15,Champion
533945132,22,23,4074.17,5,5,5,15,Champion
641845759,6,6,3972.07,5,5,5,15,Champion
596731690,12,6,4066.48,5,5,5,15,Champion
560171964,3,14,4050.62,5,5,5,15,Champion
620309583,1,19,5360.67,5,5,5,15,Champion
541057837,2,11,4110.78,5,5,5,15,Champion
538779128,5,27,4212.05,5,5,5,15,Champion
593515926,17,7,4198.52,5,5,5,15,Champion
591688791,23,14,4448.74,5,5,5,15,Champion
637217630,15,10,4334.59,5,5,5,15,Champion
563241120,18,8,4438.45,5,5,5,15,Champion
646516515,6,5,1345.43,5,5,5,15,Champion
514288978,9,21,4816.04,5,5,5,15,Champion
513136670,6,4,1347.93,5,5,5,15,Champion
549445735,8,10,1272.78,5,5,5,15,Champion
559014578,7,11,4598.65,5,5,5,15,Champion
600290539,8,10,4815.19,5,5,5,15,Champion
554236408,4,12,1359.75,5,5,5,15,Champion
535064002,7,15,4762.73,5,5,5,15,Champion
513181957,6,11,2066.05,5,5,5,15,Champion
642267737,2,21,5420.97,5,5,5,15,Champion
542913316,21,9,3406.93,5,5,5,15,Champion
519045762,8,10,2940.06,5,5,5,15,Champion
621617849,12,11,2664.5,5,5,5,15,Champion
635729377,21,6,2532.24,5,5,5,15,Champion
537565714,2,7,2493.23,5,5,5,15,Champion
633264503,6,7,2467.26,5,5,5,15,Champion
512365099,21,9,1225.85,5,5,5,15,Champion
512407534,1,21,14388.45,5,5,5,15,Champion
550718449,12,6,6159.19,5,5,5,15,Champion
647123973,3,7,1211.25,5,5,5,15,Champion
611699031,14,21,6501.58,5,5,5,15,Champion
537242624,2,39,5673.22,5,5,5,15,Champion
514053563,1,16,26119.05,5,5,5,15,Champion
611237526,22,7,1379.31,5,5,5,15,Champion
567616260,13,9,6560.06,5,5,5,15,Champion
608895425,5,8,1727.01,5,5,5,15,Champion
519093957,16,17,5124.04,5,5,5,15,Champion
518773073,5,17,9778.92,5,5,5,15,Champion
638480923,5,10,6880.64,5,5,5,15,Champion
637417009,13,4,1261.18,5,5,5,15,Champion
605361950,22,6,1151.78,5,5,5,15,Champion
525195965,6,6,2335.25,5,5,5,15,Champion
583096150,12,4,1451.42,5,5,5,15,Champion
609193161,13,5,1892.11,5,5,5,15,Champion
592161704,21,4,2228.93,5,5,5,15,Champion
629348833,5,6,1300.45,5,5,5,15,Champion
543791926,14,17,8964.43,5,5,5,15,Champion
547132615,22,17,6650.85,5,5,5,15,Champion
540163420,16,19,2367.13,5,5,5,15,Champion
599146108,8,162,71776.02,5,5,5,15,Champion
597778041,3,7,1473.52,5,5,5,15,Champion
527614630,9,31,12630.72,5,5,5,15,Champion
640743367,16,4,1445.54,5,5,5,15,Champion
512910774,21,8,1185.79,5,5,5,15,Champion
578672648,6,14,9230.27,5,5,5,15,Champion
620080135,4,12,1905.89,5,5,5,15,Champion
623223521,13,6,1813.02,5,5,5,15,Champion
585983823,2,17,2357.44,5,5,5,15,Champion
556039307,20,11,1482.23,5,5,5,15,Champion
547874987,16,15,11659.42,5,5,5,15,Champion
644459028,8,5,1091.57,5,5,5,15,Champion
513973242,7,8,1958.38,5,5,5,15,Champion
568181026,15,16,10866.91,5,5,5,15,Champion
620608092,22,5,1235.49,5,5,5,15,Champion
515148260,8,4,1127.23,5,5,5,15,Champion
641842326,5,7,5830.44,5,5,5,15,Champion
622915607,4,11,1503.02,5,5,5,15,Champion
515558947,16,7,1347.12,5,5,5,15,Champion
608456363,9,6,4349.94,5,5,5,15,Champion
567744523,15,6,1065.33,5,5,5,15,Champion
583841821,6,80,11619.93,5,5,5,15,Champion
522063577,19,5,1485.39,5,5,5,15,Champion
609032131,5,9,1480.83,5,5,5,15,Champion
531763592,24,5,1064.25,5,5,5,15,Champion
607019043,14,51,12991.57,5,5,5,15,Champion
602836917,1,4,1703.4,5,5,5,15,Champion
535141974,1,189,102632.92,5,5,5,15,Champion
517473111,1,48,7968.68,5,5,5,15,Champion
527227757,16,51,25539.26,5,5,5,15,Champion
536184127,1,5,1508.9,5,5,5,15,Champion
578824864,21,15,2001.22,5,5,5,15,Champion
554132501,16,42,23730.87,5,5,5,15,Champion
541125843,20,12,1551.65,5,5,5,15,Champion
639612762,18,4,1702.67,5,5,5,15,Champion
512563502,6,6,1084.27,5,5,5,15,Champion
523955208,22,10,2620.62,5,5,5,15,Champion
574778212,1,18,18897.1,5,5,5,15,Champion
614433175,12,7,1099.38,5,5,5,15,Champion
542830394,14,7,1548.25,5,5,5,15,Champion
516299291,1,11,1174.96,5,5,5,15,Champion
563763098,14,31,1575.88,5,5,5,15,Champion
534771396,14,20,2383.1,5,5,5,15,Champion
598790106,14,20,6865.66,5,5,5,15,Champion
517902084,6,10,1421.78,5,5,5,15,Champion
523371573,4,38,29169.48,5,5,5,15,Champion
512922496,1,27,2899.01,5,5,5,15,Champion
521645361,18,4,1728.44,5,5,5,15,Champion
626457298,17,9,1276.64,5,5,5,15,Champion
588927386,7,7,1587.82,5,5,5,15,Champion
513659321,1,9,3534.69,5,5,5,15,Champion
525193117,7,6,1254.31,5,5,5,15,Champion
544390938,2,5,1419.46,5,5,5,15,Champion
644786087,1,112,53881.39,5,5,5,15,Champion
601821767,4,22,4409.45,5,5,5,15,Champion
572479048,18,5,1293.1,5,5,5,15,Champion
619173710,2,8,5857.01,5,5,5,15,Champion
610871788,1,407,561013.48,5,5,5,15,Champion
563271165,14,13,6617.35,5,5,5,15,Champion
555901709,20,6,1357.15,5,5,5,15,Champion
512596634,1,13,4074.54,5,5,5,15,Champion
612789400,14,21,2310.75,5,5,5,15,Champion
555843261,22,115,29580.59,5,5,5,15,Champion
512843794,3,10,1905.64,5,5,5,15,Champion
518086427,17,5,1573.94,5,5,5,15,Champion
641718822,4,4,1136.04,5,5,5,15,Champion
616210748,18,9,15195.98,5,5,5,15,Champion
514623311,3,11,1510.52,5,5,5,15,Champion
647439769,1,4,2229.04,5,5,5,15,Champion
529669916,15,8,2290.94,5,5,5,15,Champion
590918914,1,6,2412.34,5,5,5,15,Champion
529454625,20,6,1604.7,5,5,5,15,Champion
565620279,12,6,1739.72,5,5,5,15,Champion
630887972,6,13,2259.52,5,5,5,15,Champion
518568163,19,17,1961.52,5,5,5,15,Champion
647147743,2,5,1688.76,5,5,5,15,Champion
544260231,4,18,21131.81,5,5,5,15,Champion
560837705,4,6,1107.72,5,5,5,15,Champion
513240156,2,6,1970.33,5,5,5,15,Champion
543265613,21,7,1842.95,5,5,5,15,Champion
547732222,18,8,1994.81,5,5,5,15,Champion
535607519,20,4,1642.5,5,5,5,15,Champion
514067679,4,7,1054.61,5,5,5,15,Champion
513635428,14,6,1972.64,5,5,5,15,Champion
516544281,23,25,21444.09,5,5,5,15,Champion
523845879,9,5,2116.03,5,5,5,15,Champion
513039880,8,10,1936.47,5,5,5,15,Champion
615856548,2,7,2087.86,5,5,5,15,Champion
595835655,1,15,2089.88,5,5,5,15,Champion
554463154,8,19,1667.27,5,5,5,15,Champion
584640740,5,43,16639.52,5,5,5,15,Champion
633484316,9,5,2242.37,5,5,5,15,Champion
519259163,15,5,1289.7,5,5,5,15,Champion
512964415,2,10,2406.66,5,5,5,15,Champion
533859655,1,5,2149.6,5,5,5,15,Champion
515685453,3,11,2026.06,5,5,5,15,Champion
609952393,1,21,1118.49,5,5,5,15,Champion
535157077,18,9,2057.47,5,5,5,15,Champion
515340788,8,12,8284.2,5,5,5,15,Champion
632305399,23,8,2211.46,5,5,5,15,Champion
537409118,15,14,2590.58,5,5,5,15,Champion
554210402,14,10,1075.67,5,5,5,15,Champion
515019835,15,19,6660.97,5,5,5,15,Champion
545579209,8,16,2328.96,5,5,5,15,Champion
523166346,3,8,2547.52,5,5,5,15,Champion
616097155,14,9,1710.11,5,5,5,15,Champion
635084462,6,7,2466.62,5,5,5,15,Champion
636762668,2,6,2395.03,5,5,5,15,Champion
634543497,15,9,3910.52,5,5,5,15,Champion
639880303,1,9,1999.19,5,5,5,15,Champion
518596278,1,63,1185.91,5,5,5,15,Champion
513740030,2,5,1698.79,5,5,5,15,Champion
538242545,1,19,2987.18,5,5,5,15,Champion
572619107,17,4,1739.47,5,5,5,15,Champion
641274605,14,4,1214.48,5,5,5,15,Champion
638719600,21,5,2974.84,5,5,5,15,Champion
632616762,5,4,1280.28,5,5,5,15,Champion
564030958,14,17,1984.17,5,5,5,15,Champion
584643739,5,26,1245.25,5,5,5,15,Champion
622660363,12,5,3179.69,5,5,5,15,Champion
542075271,17,11,3553.43,5,5,5,15,Champion
574006676,1,6,1762.83,5,5,5,15,Champion
598763325,16,8,1269.87,5,5,5,15,Champion
572263420,6,10,3787.5,5,5,5,15,Champion
626755651,14,5,1084.12,5,5,5,15,Champion
543849653,16,8,1857.3,5,5,5,15,Champion
542682072,1,7,1059.82,5,5,5,15,Champion
512483500,14,5,2110.72,5,5,5,15,Champion
647469938,3,20,4757.9,5,5,5,15,Champion
522733648,13,6,1816.2,5,5,5,15,Champion
518683288,13,22,4454.18,5,5,5,15,Champion
601257724,3,5,1790.67,5,5,5,15,Champion
631395431,3,8,1400.08,5,5,5,15,Champion
549143567,1,9,1867.96,5,5,5,15,Champion
638614677,22,10,1351.88,5,5,5,15,Champion
601922395,16,19,5042.97,5,5,5,15,Champion
536606282,2,35,5870.86,5,5,5,15,Champion
610231208,21,5,1836.57,5,5,5,15,Champion
569558344,12,10,5627.35,5,5,5,15,Champion
628638725,21,23,7705.98,5,5,5,15,Champion
527283738,2,20,19051.78,5,5,5,15,Champion
527223837,4,8,1899.9,5,5,5,15,Champion
514378189,12,7,6721.29,5,5,5,15,Champion
534473540,9,6,1063.28,5,5,5,15,Champion
553780545,2,17,8349.26,5,5,5,15,Champion
526621113,8,8,1890.45,5,5,5,15,Champion
614414560,14,6,1454.31,5,5,5,15,Champion
581382560,12,12,8347.28,5,5,5,15,Champion
521420805,6,9,1551.65,5,5,5,15,Champion
546837623,1,5,1774.17,5,5,5,15,Champion
527932893,22,7,1487.89,5,5,5,15,Champion
513169957,3,14,9881.59,5,5,5,15,Champion
583031822,7,55,15563.58,5,5,5,15,Champion
516060514,12,9,1891.12,5,5,5,15,Champion
516520773,7,25,13778.23,5,5,5,15,Champion
526975398,4,43,17176.04,5,5,5,15,Champion
514472040,15,10,1765.06,5,5,5,15,Champion
616676781,19,10,2070.89,5,5,5,15,Champion
559715193,17,7,1938.99,5,5,5,15,Champion
597151951,14,22,27696.7,5,5,5,15,Champion
591368778,13,22,2349.86,5,5,5,15,Champion
581930793,14,8,1747.15,5,5,5,15,Champion
580781396,15,4,1628.36,5,5,5,15,Champion
542351377,4,7,2328.92,5,5,5,15,Champion
633322146,1,4,1750.28,5,5,5,15,Champion
590397091,18,10,1717.06,5,5,5,15,Champion
533902624,20,10,1673.37,5,5,5,15,Champion
614389952,6,17,2257.66,5,5,5,15,Champion
597204961,15,4,1084.92,5,5,5,15,Champion
567836667,17,4,1069.68,5,5,5,15,Champion
562663853,8,12,2170.55,5,5,5,15,Champion
522274362,2,23,2288.78,5,5,5,15,Champion
629509615,3,14,1997.19,5,5,5,15,Champion
605709893,4,8,2465.28,5,5,5,15,Champion
584701215,13,9,1766.36,5,5,5,15,Champion
620655980,1,5,2366.03,5,5,5,15,Champion
646116967,2,6,1895.65,5,5,5,15,Champion
513442044,21,9,2032.88,5,5,5,15,Champion
646953889,3,11,1817.32,5,5,5,15,Champion
580242836,15,8,1904.89,5,5,5,15,Champion
626387032,1,10,2036.25,5,5,5,15,Champion
638349927,2,4,1076.91,5,5,5,15,Champion
515097782,6,5,1872.21,5,5,5,15,Champion
544518651,20,5,1853.33,5,5,5,15,Champion
637583440,2,4,1051.6,5,5,5,15,Champion
517983103,18,6,1972.56,5,5,5,15,Champion
513977555,20,20,1899.37,5,5,5,15,Champion
518880011,5,4,1724.94,5,5,5,15,Champion
572160209,7,5,3072.57,5,5,5,15,Champion
597851433,24,11,2377.34,5,5,5,15,Champion
588612083,22,8,2027.66,5,5,5,15,Champion
523966186,4,5,1081.28,5,5,5,15,Champion
540057299,4,8,1101.41,5,5,5,15,Champion
568217237,4,6,2068.65,5,5,5,15,Champion
516877937,6,8,1090.87,5,5,5,15,Champion
540343497,13,38,2227.93,5,5,5,15,Champion
592029451,5,45,32195.1,5,5,5,15,Champion
621364824,17,7,1114.61,5,5,5,15,Champion
522223524,8,6,2294.7,5,5,5,15,Champion
638884589,1,6,1112.22,5,5,5,15,Champion
642781471,3,8,2174.61,5,5,5,15,Champion
591643419,19,9,2189.98,5,5,5,15,Champion
596364064,5,5,2356.62,5,5,5,15,Champion
595795294,13,26,9393.08,5,5,5,15,Champion
520604038,8,10,7324.43,5,5,5,15,Champion
618433477,20,8,2208.45,5,5,5,15,Champion
567171494,1,126,53294.57,5,5,5,15,Champion
540867205,13,64,11113.26,5,5,5,15,Champion
610685603,12,50,14936.74,5,5,5,15,Champion
537465041,15,11,1063.44,5,5,5,15,Champion
620160297,17,4,1090.1,5,5,5,15,Champion
528020550,16,29,11975.88,5,5,5,15,Champion
513423484,9,4,2270.59,5,5,5,15,Champion
629784057,20,8,2302.62,5,5,5,15,Champion
515111774,4,6,1102.07,5,5,5,15,Champion
593804193,2,12,10729.21,5,5,5,15,Champion
529870355,3,7,8698.03,5,5,5,15,Champion
572449030,9,6,2327.97,5,5,5,15,Champion
514325200,16,15,9081.2,5,5,5,15,Champion
536382206,13,15,7625.7,5,5,5,15,Champion
598296197,1,5,3071.73,5,5,5,15,Champion
597176281,22,11,8957.9,5,5,5,15,Champion
567415500,23,15,2294.05,5,5,5,15,Champion
570259223,14,30,7396.37,5,5,5,15,Champion
640567345,17,11,6209.47,5,5,5,15,Champion
566729496,19,161,66126.24,5,5,5,15,Champion
568222781,22,4,1413.1,5,5,5,15,Champion
644070273,1,39,6457.32,5,5,5,15,Champion
624606975,17,4,2581.15,5,5,5,15,Champion
515061415,1,130,40461.21,5,5,5,15,Champion
513458524,6,17,5937.77,5,5,5,15,Champion
597564230,16,24,6595.36,5,5,5,15,Champion
618387339,14,4,2487.89,5,5,5,15,Champion
605963172,16,42,29389.14,5,5,5,15,Champion
627852281,5,4,2481.0,5,5,5,15,Champion
513451062,17,8,2422.52,5,5,5,15,Champion
521847879,6,7,1221.73,5,5,5,15,Champion
535026866,9,13,22408.05,5,5,5,15,Champion
527395254,16,7,2593.93,5,5,5,15,Champion
576500137,2,7,1135.96,5,5,5,15,Champion
579140919,13,6,1187.02,5,5,5,15,Champion
635759228,19,7,1573.13,5,5,5,15,Champion
558476688,2,8,2662.06,5,5,5,15,Champion
543682031,2,5,1183.21,5,5,5,15,Champion
603321925,13,10,3042.12,5,5,5,15,Champion
514927410,1,25,18458.14,5,5,5,15,Champion
513689766,9,9,2805.29,5,5,5,15,Champion
512860145,7,4,2760.6,5,5,5,15,Champion
621130916,6,6,1215.67,5,5,5,15,Champion
544542812,8,24,24748.12,5,5,5,15,Champion
630905028,6,9,2914.31,5,5,5,15,Champion
540372119,16,17,2869.07,5,5,5,15,Champion
514990827,22,9,1152.98,5,5,5,15,Champion
616772711,16,5,1503.05,5,5,5,15,Champion
535249910,9,8,1570.34,5,5,5,15,Champion
520545704,12,29,5736.57,5,5,5,15,Champion
513439308,9,6,3202.52,5,5,5,15,Champion
609688571,8,78,13391.21,5,5,5,15,Champion
615174474,7,7,3201.88,5,5,5,15,Champion
547459204,7,5,3149.76,5,5,5,15,Champion
621958875,4,4,3606.79,5,5,5,15,Champion
564170708,18,33,11887.05,5,5,5,15,Champion
626124907,4,6,3299.21,5,5,5,15,Champion
552076213,21,12,3238.15,5,5,5,15,Champion
611469091,3,14,3466.4,5,5,5,15,Champion
513580173,1,23,11531.66,5,5,5,15,Champion
512846108,2,7,3452.5,5,5,5,15,Champion
550642946,4,6,1262.28,5,5,5,15,Champion
536181944,4,5,1335.53,5,5,5,15,Champion
523529060,1,9,9996.44,5,5,5,15,Champion
541758671,8,8,3678.62,5,5,5,15,Champion
553631824,9,7,2420.86,5,5,5,15,Champion
559438768,9,6,3993.11,5,5,5,15,Champion
607311048,13,5,1543.81,5,5,5,15,Champion
590776390,3,18,3978.07,5,5,5,15,Champion
624154871,7,31,3859.97,5,5,5,15,Champion
615950899,18,17,4905.84,5,5,5,15,Champion
543798464,17,25,9453.11,5,5,5,15,Champion
567031703,24,12,4219.07,5,5,5,15,Champion
527561106,23,5,1293.11,5,5,5,15,Champion
590616687,22,8,1327.36,5,5,5,15,Champion
514026587,6,11,9547.06,5,5,5,15,Champion
518017148,9,13,4497.01,5,5,5,15,Champion
588765544,14,4,1313.78,5,5,5,15,Champion
529262735,2,15,8980.93,5,5,5,15,Champion
516198012,8,7,1422.68,5,5,5,15,Champion
542053983,13,20,9995.13,5,5,5,15,Champion
603167878,8,6,1198.31,5,5,5,15,Champion
610649339,5,14,5083.68,5,5,5,15,Champion
515993485,4,15,8019.52,5,5,5,15,Champion
573062438,1,13,5068.82,5,5,5,15,Champion
539180438,17,18,5015.98,5,5,5,15,Champion
525586004,20,14,5965.34,5,5,5,15,Champion
544811250,2,9,6949.71,5,5,5,15,Champion
513214065,2,7,5401.31,5,5,5,15,Champion
571777709,19,51,5177.64,5,5,5,15,Champion
517607474,19,7,1387.36,5,5,5,15,Champion
572674800,14,4,1132.83,5,5,5,15,Champion
572162499,7,13,5647.25,5,5,5,15,Champion
557637161,4,20,1377.84,5,5,5,15,Champion
512448621,21,14,8359.41,5,5,5,15,Champion
512480773,6,4,6372.75,5,5,5,15,Champion
596027885,12,19,6171.91,5,5,5,15,Champion
638663395,2,8,1221.54,5,5,5,15,Champion
519921160,15,8,6833.89,5,5,5,15,Champion
512837651,1,10,6790.1,5,5,5,15,Champion
512877469,18,9,6826.9,5,5,5,15,Champion
595537213,13,5,1443.68,5,5,5,15,Champion
629416803,20,60,8703.99,5,5,5,15,Champion
611336656,5,15,6228.36,5,5,5,15,Champion
517451202,3,17,7188.47,5,5,5,15,Champion
605765628,22,6,1422.16,5,5,5,15,Champion
642510970,5,6,1463.85,5,5,5,15,Champion
518742907,15,22,6236.38,5,5,5,15,Champion
516266791,13,17,8003.55,5,5,5,15,Champion
556267092,1,14,7907.14,5,5,5,15,Champion
514211014,2,8,5438.55,5,5,5,15,Champion
520905546,1,8,5210.17,5,5,5,15,Champion
515395520,1,7,6452.68,5,5,5,15,Champion
549707507,7,11,1219.45,5,5,5,15,Champion
514557654,1,26,1494.18,5,5,5,15,Champion
565310203,3,6,1156.84,5,5,5,15,Champion
598669857,24,62,9928.54,5,5,5,15,Champion
636323876,14,16,9226.82,5,5,5,15,Champion
606034829,23,11,15705.61,5,5,5,15,Champion
518765867,13,8,2058.82,5,5,5,15,Champion
624009299,3,23,11450.85,5,5,5,15,Champion
629251823,14,13,10728.91,5,5,5,15,Champion
514163993,3,32,14497.49,5,5,5,15,Champion
529907963,14,6,1157.28,5,5,5,15,Champion
545729231,3,37,14168.3,5,5,5,15,Champion
572716386,4,4,1532.71,5,5,5,15,Champion
533414608,2,9,1636.43,5,5,5,15,Champion
513448195,5,8,5134.7,5,5,5,15,Champion
519446706,9,7,1552.35,5,5,5,15,Champion
606242828,2,12,2988.8,5,5,5,15,Champion
568319352,24,50,19244.45,5,5,5,15,Champion
522423153,7,9,5239.85,5,5,5,15,Champion
542429103,8,43,19210.13,5,5,5,15,Champion
513643261,13,40,17327.81,5,5,5,15,Champion
547312843,9,5,1119.4,5,5,5,15,Champion
542370339,12,13,5241.87,5,5,5,15,Champion
612326286,14,24,26951.87,5,5,5,15,Champion
521521325,1,9,1594.14,5,5,5,15,Champion
619272305,9,5,1628.17,5,5,5,15,Champion
532544993,22,15,5018.5,5,5,5,15,Champion
517697505,1,11,2375.49,5,5,5,15,Champion
586776191,2,221,181747.2,5,5,5,15,Champion
562459688,20,11,1696.94,5,5,5,15,Champion
559290623,22,7,2480.44,5,5,5,15,Champion
593324546,8,4,1393.6,5,5,5,15,Champion
515588159,5,6,1246.36,5,5,5,15,Champion
639547819,1,16,1675.15,5,5,5,15,Champion
618271197,7,5,2499.93,5,5,5,15,Champion
627304766,23,4,1131.66,5,5,5,15,Champion
620078068,14,12,1659.95,5,5,5,15,Champion
536310003,8,7,1078.27,5,5,5,15,Champion
595669583,14,7,1726.45,5,5,5,15,Champion
552376372,15,9,4583.01,5,5,5,15,Champion
609294933,15,4,1713.45,5,5,5,15,Champion
538754138,16,11,2583.98,5,5,5,15,Champion
576988657,16,4,2687.73,5,5,5,15,Champion
551690214,19,7,3099.93,5,5,5,15,Champion
624598770,16,8,3280.17,5,5,5,15,Champion
626869284,4,32,4185.12,5,5,5,15,Champion
580476781,1,5,1493.15,5,5,5,15,Champion
525975103,8,4,2055.8,5,5,5,15,Champion